{
 "timevar":          365.25,
"Nats": 3,
"atlist": [ "age2 0 age3 0", "age2 1 age3 0", "age2 0 age3 1" ],
"tmat": [ [ null, 1, 2 ],
[ null, null, 3 ],
[ null, null, null ] ],
"Ntransitions": 3,
"is.cumhaz":               1,
"P_1_to_1": [
 0.35851091106239,
0.41514049140384,
0.36844706650205 
],
"P_1_to_2": [
 0.46302410346724,
0.37553478255661,
0.34602950497214 
],
"P_1_to_3": [
 0.17846498547036,
0.20932472603956,
0.28552342852581 
],
"P_2_to_1": [
               0,
              0,
              0 
],
"P_2_to_2": [
 0.77202123178319,
0.74846811575516,
0.61031213157994 
],
"P_2_to_3": [
 0.22797876821681,
0.25153188424484,
0.38968786842006 
],
"P_3_to_1": [
               0,
              0,
              0 
],
"P_3_to_2": [
               0,
              0,
              0 
],
"P_3_to_3": [
               1,
              1,
              1 
],
"Haz_1_to_2": [
 0.83500677619386,
0.6416221020565,
0.68851965183028 
],
"Haz_1_to_3": [
 0.19077547629037,
0.23750352768991,
0.30992629001121 
],
"Haz_2_to_3": [
 0.2587407747582,
0.28972286542326,
0.49378007798944 
],
"Los_1_to_1": [
 184.84403047977,
204.75633981839,
190.79327227357 
],
"Los_1_to_2": [
 137.98477413584,
 110.7823176593,
106.13323460693 
],
"Los_1_to_3": [
 42.421195384395,
 49.71134252231,
68.323493119499 
],
"Los_2_to_1": [
               0,
              0,
              0 
],
"Los_2_to_2": [
 302.94949177262,
296.29888285742,
256.27104874149 
],
"Los_2_to_3": [
  62.30050822738,
 68.95111714258,
108.97895125851 
],
"Los_3_to_1": [
               0,
              0,
              0 
],
"Los_3_to_2": [
               0,
              0,
              0 
],
"Los_3_to_3": [
          365.25,
         365.25,
         365.25 
] 
}
